0.016046742057042603,-0.007573648032286335,0.01010481188672065,-0.002707748881288498,-0.006154273135148268,-0.010966080236699746,-0.0014835812917847954,0.01578952616260258,-0.0031379337854658975,-0.009360092302801517,-0.005924175691779067,-1.0031543264865077,0.009564350100417621,0.008231238629174157,0.02130091609266827,1.0015397781523105,-0.004306304899856508,-0.003769394354978134,0.010390500388167403,-0.005356143619990759,-0.003752014457619525,0.009070337993295995,0.002243278542432875,0.01810343506984038,0.00707624749788478,0.0044176472046512155,0.00648599239686448,0.0014082860256303725,-0.00465709825620616,0.015250596514760255,0.00734357370098891,-0.001212400970683848
-0.004352819219477644,0.003310437464697466,0.9955590749756307,-0.013856337635605913,0.009843633630547768,-0.019157768681524683,-0.011020195593916761,-0.9876352510634069,0.007082065749891176,0.00447498972560291,-0.005912687414006352,0.001131294018573839,-0.012826860287409307,0.002580020880913005,-0.0163743090878432,-0.005042134193066549,-0.003156324086468588,0.0015564835875748518,0.004046482803953254,0.00803431967258119,-0.008476226666583212,0.012586211066553393,-0.0024977902646422484,-0.003805206663995167,-0.006538403082722823,-0.010059408348060196,-0.007573045663789873,-0.012140762128329414,-0.011997907744520262,-0.00043692479986026016,0.02116147770800621,-0.004190458291648896
0.019716133373070165,0.003576285953068836,0.011122858619218317,-0.006314447880404931,-0.004058236158436724,-0.003913945539770934,0.025297047332819733,-0.02749246592215837,-0.009204801941150883,0.001965039421554851,-0.0014260674775401294,0.01600123374494333,-0.013766523858518252,0.0057177432580754264,-0.009918922491908214,0.020126502312520635,-0.9951570557572179,-0.02696227142498916,0.0026729659712023783,0.0018216618872173966,0.0008634907941711253,-0.006874835435188277,0.017631457702786287,0.023563988657135645,1.0117270710242325,-0.0037753254675442494,0.0029809512720796114,0.0008698654542442798,-0.004747712002132538,0.003750345296242076,-0.00832550038568953,0.004061148582488812
1.3988886026560572,0.008046424753445178,0.001446892289641304,0.014559032902892786,0.005293436176396972,-0.0205409934786117,-0.02491928934457897,-0.024905517406407406,-0.019558246520320503,0.0022849061834570943,0.009287634264423953,0.006763656746360566,0.011218271439077974,0.0023861149907420352,0.014323181761961791,0.0008143006337190745,0.005879859104390963,-0.0129605408441305,0.006698237334043824,-0.007368360703397385,-0.029651219089557684,-0.016665514013842798,2.5564031116326866e-5,0.01767002177035889,-0.004285351420700557,-0.013160090217498706,-0.0010986028647701205,-0.9957058266661977,-0.018323336842451826,0.0022870850829836372,0.01495428768578362,-0.004401653110890671
0.012336622864876362,-0.0020780044327829805,-0.015742872554162634,0.01693468835488742,-0.016596471417243002,-1.0078040683849503,-0.00044486663322621233,-0.02142445605251213,-0.005461254584985282,0.002943421858321191,0.007715343188919693,0.013062082128495323,0.09829572617955004,-0.009603689156724073,-0.00405739206131089,0.005457867890003463,-0.0018142382438542915,0.02194848462605014,-0.023335787964357563,0.031533260823800965,-0.010661459941890765,-0.005240378558791151,0.012648849812009018,0.013421727579534096,-0.0029648894441093817,-0.0025773816828354697,-0.00587144243514619,-0.011842207779024205,-0.006605636085399563,-0.0019437866818978473,0.014261014443697604,0.005979671301641393
-0.00834523226712526,0.0073611460221740714,0.010650780917367602,0.0009303322677713545,-0.009268849013382357,-0.012205525482027687,1.007068972108779,-0.011117964753963537,1.0029627350118848,-0.004996410480621393,-0.018936630952231377,0.004786050457010595,-0.007250878332298578,0.009611590422218234,0.012543607261441738,0.005810341706693695,0.013072625968559194,-0.007213227647998344,0.003521641874692738,-0.013867772483210727,-0.0005826575262163168,0.014423637699298702,-0.0009335592254030576,0.000304615863195502,-0.00019805367896514825,-0.012571023495181119,-0.005554424568024139,0.008641893472548458,-0.002467453126018654,0.012451769800014967,0.0032515093391910542,0.016433417227773365
-0.0038110690763341103,0.010780376430751205,0.0018362937143781184,0.01346356017910594,0.009604972474404712,-0.008703724811770744,0.023260450155777008,-0.0010722516759339431,0.013713462256208833,-0.008520759781496192,-1.0008553995810336,-0.00592895014300257,0.00028479153612288226,1.4153153056896204,-0.0025489412544339517,0.005374635246910362,0.009246946383862921,0.006154976885114924,0.001870057058418063,0.0005841097872429967,-0.002912301801866639,-0.010753105780044205,-0.003600067763285289,0.010667320966916317,0.0025380150054418083,-0.010512138856529303,0.00869996163879501,-0.008195671576315145,-0.0031250868051962218,0.006672406142902966,0.007626103412164853,0.004191576724976812
-0.008997745604705511,-0.00258150564906303,0.0010786012717362973,0.003196397731877377,0.002699504158775181,0.003857206489121366,-0.0022249641833875845,-0.0069895459235052165,0.0004247980926773806,-0.01061025185298284,-0.019854969064863268,-0.0006345980910871417,0.005802448708022748,0.002870925698641244,1.003811381439019,-0.00955066959233937,0.0009428607692386267,0.014233619321160181,-0.008710013321711013,0.007345895179033888,-0.007588239174920054,1.0022579045210642,0.015305137180795752,-0.0004294316317581598,0.0017639127750644157,0.007654917071429234,0.0147104438512193,-0.007154872163228468,-0.0011204088273081584,-0.0062129515436697945,-0.013270112069421152,-0.009302555263987152
-0.005579167835058983,-0.007394284899593583,0.012877762901199089,0.0008499747914399541,0.9821425015581909,0.0002228370886081454,-0.0016046767975430496,0.013030895039947412,0.013492797330381556,-0.011635604424966273,-0.016587756831619754,-0.009172764384313567,-0.004725770007029624,0.0034579726940097612,-0.0032078717648813355,-0.003989053342791128,-0.015426989001818246,0.015223879022176565,-0.0038106077121319764,-0.002092658017602844,-0.9942178163137209,0.005549705275643588,-0.0023929700156830537,0.01585422213150735,-0.00865799965093574,0.01764978610899296,-0.00881977065757124,-0.003017314856497953,-0.00021124300489917076,-0.002942562965853591,-0.009791097773591809,-0.0010636138417977725
-0.016999572575929586,0.006991439738813386,-0.004185459719262989,-0.005426818789306539,0.3249544161868234,0.00497487019757245,0.0029883437449606852,0.023154119385059475,0.00646948879482482,0.002428266988008261,-0.004813932737402828,-0.006057325813637267,0.006934283628756907,-0.021407350265695402,0.0015921125689318367,0.31945974983760017,0.012644209426538669,0.022675380043108723,0.013835825882134525,0.3093223630092204,0.0014031125004359195,0.015599452978421245,-0.0005857093587515053,-0.01000069106180414,0.3227454869763375,0.004197628495564906,-0.013760137035541764,-0.008407599694908499,0.011242843993876728,0.0048745515373015535,0.003643817318050423,-1.014289157570803
-0.013406276603674274,-0.005344523901725704,-0.014627806715093209,0.007110247308579144,-0.00317244228893307,-0.010251335229997565,0.002319434484734279,-0.005737145318570768,0.0018308350543806099,-0.9972234217027698,-0.011665243055427953,-0.003248985261967613,0.0009426284350894965,0.015566148233936147,0.013814231569175134,0.021583784422206032,0.005055793185958788,0.006655948954265122,0.009477042543046342,-0.0024214108269089013,0.01484362677545603,0.007210020398360462,-0.011017589532464053,0.0015712983605017752,-0.005247953472400806,-0.008225582684564518,-0.016252116501693007,0.005122563067511651,-0.01865005072348957,-0.0001581666186328805,0.997120541243372,-0.01328969952241996
0.0011758594543453064,-0.004375044701108387,0.003051751917174536,-0.00013737114245212863,-0.0033567613407151724,0.01248994805875142,-0.005281014568433288,-0.011285357620269892,-0.010871889233683953,-0.0035256150779373737,0.00273093787913381,-0.0026388244976361707,0.0018538572544593986,-0.01607596790793066,-0.011806629400177203,0.007461529342316494,0.00996554285649957,-0.986879074479228,0.32346950018812715,-0.0016345581969316276,0.00112158575621942,-0.013264245945218666,-0.01000422905491584,-0.008578066796380164,0.00251068247659589,-0.006600586101788225,-0.0016455051914051558,-0.0019657265200283855,0.003164681404506894,0.014246082071060375,-0.0003571248239346629,0.01011600975986868
0.014391518179943653,0.00804404500436246,-0.009453165099105123,-0.0011345481960986544,-0.004191116039486727,-0.011849832004314671,0.008321303848841978,0.0005382986836379357,-0.001685660140371638,0.01128825252307953,0.006326035185680096,0.016075346817853785,-0.011084531837363285,-0.005994347686156189,-0.00957701176760681,-0.0038299890388276297,0.005027094884686927,0.009766767466010417,-0.001033677577420584,0.989880891472027,-0.017384734157183567,-0.010190480478990536,-0.007809793990923986,0.008670049626805133,-0.00730815984301787,-0.0031545325047592897,-0.9916136141607285,-0.003223570428847571,0.015015514020412858,-0.0019614264820738,-0.0050502632493991855,-0.013781053152356669
-0.025549051182067576,2.2100728928954108,-0.005817066278471413,2.1803464923470917,0.014250735194082643,-0.014585770929938725,0.0019268284753775416,2.2527326589508183,-0.0013033081665104293,2.2761749084435086,0.013496291734866779,2.376186927317633,-0.007252907711203772,-0.001386769411479958,0.017393845923953762,0.02312001788501106,2.4277234846818887,-0.016185566953322947,-0.02040947350131801,-0.007181955132615584,2.4235300270236926,0.004324556461731631,0.006995422142181811,-0.9943175817266656,0.013703428953967967,-0.005854795371020847,2.3532144397171306,0.012729078952800123,-0.0058759342453036465,-0.006684378611777182,0.02734304861567968,-0.0041553558480940936
-0.0009156528676809291,-0.001831154077924566,0.006355710462235001,0.005164830534086339,0.008616122422393685,0.00033594566358246717,0.0016714177103644451,-0.004646828161974609,-0.010437448036044286,0.00676122153550971,0.005197640677699515,-0.013410239859170694,0.9923844474101148,0.003150947917466373,-0.008685035332795481,-0.0005023722596232024,-0.005027442077310257,-0.013612948137466462,0.02141829221694777,0.00867151730336088,-0.01609277184516897,-0.005927811806585186,-0.005334535795717123,0.0023561743676503064,-0.012541149417600062,-0.005496986715679255,-0.0003100406207154746,-0.006520383190175359,0.01050390604208423,0.005621349635765818,-0.0038364236687827304,-0.008068923389594198
0.0027328979131624564,-0.984444451900286,0.021118036017263857,0.015045387629570552,0.006834232411482557,0.016260856708004385,0.006033040941323624,-0.005265919357024646,0.007070385248517448,0.0065578620966212624,-0.00586405368052696,-0.01468446823529138,-0.0012922671318858065,-0.003491088249750199,0.00010499015770094686,0.0028378019456109685,-0.01161415575949655,-0.004606110165484113,-0.005907698543182643,-0.0023676232879199753,-0.0016807309355072462,-0.018251582373766777,1.0000636651791677,0.014688650291580731,1.2426119844432492e-5,0.014605177038666348,0.0072762128862024775,-0.0031286363403017787,-0.02999123211718617,-0.005866856506983727,0.00014044826926128264,0.008262401388400212
0.006933914977339818,0.005908504702868759,0.011909722616177136,-0.994351474500016,0.003004306049526431,0.005490795877755829,-0.009167338269104937,0.0023989766525333973,0.01599902302188205,0.0022406552436690474,-0.0016333924690490518,0.020304787580648135,-0.006080212419712501,0.02398965364328661,-0.012987973492278204,0.019757722686422393,0.006048050755354651,0.007938470506693539,-0.007786688280754302,0.020948356310371962,-0.001416454836012398,-0.0032060603737117427,0.0004142612591210505,-0.006303162348597484,0.008577731818593972,0.9880393226155781,0.013059390573375311,0.00038047979587864074,-8.701636435074503e-5,0.0049037680382740855,-0.008175662638680749,-0.014597448843406502
-0.006184244053053852,0.009227409272902049,0.022859186958153414,-0.0020032939717873864,-0.012163175460869131,-0.010292573267436489,0.003158059810458299,0.011061543131570253,0.0013653072925856344,-0.005247971576900552,8.614267494902557e-5,0.0010316050413599275,0.0014655144433826281,-0.012104201828057562,0.004207537692465867,0.005084078013249996,0.003882061177840904,-0.003226267730326793,0.9872786188619413,-0.008686418501634943,-0.003477554539560269,0.003861765436915886,-0.01381278948032866,0.009489549704002995,-0.0118088285394021,0.0038100644713076116,0.013538455567936843,0.007986555187202904,0.003918765489474712,-0.00902095747043481,0.0024336318505469253,0.00583692159740452
-0.00776835293347028,-0.004681894041584675,0.09001040847001847,-0.0076363128728555475,-0.016348267241646897,0.004016026853228052,0.01200366366861113,0.008580894232930267,-0.0032141787467404276,-0.007732055756656095,-0.0004752334400727845,-0.021483757396245626,-0.007066021826275038,0.0147261988305573,0.018841135690830402,-0.00596651808909525,-0.0040826563092171845,0.022667992483481884,0.00524792459415987,0.004765077004441748,-0.006426556296518874,-0.004744913673952595,0.12418202785153012,-0.0035143653045612926,-0.00015062395141261247,0.11084570209794137,0.0011360260961314585,0.0041382118099802054,0.005498789762960144,-0.9973456935667295,0.11464093530869843,0.001714149763682755
-0.9993628267225348,0.010570826860332172,-0.0035762924393092526,0.0070983033120850785,-0.001143803247935046,-0.00011545704427579346,-0.010990384729607505,-0.0021973932145062927,-0.005720557595363433,0.0019165847912448503,0.014058065717666048,-0.000337178334479911,0.006226991479478148,-0.0110271327383928,7.662281587390405e-5,0.0061100457357171935,-0.01852799644963694,-0.003773175697559941,-0.014017610206963292,-0.009591034254987908,-0.009141170522003536,0.015031057282414485,0.003563790360958254,0.0008017288189444956,-0.01875860702641052,-0.0016132105036844805,0.009770503271846758,0.011392477588340236,0.009271993196674185,0.008103640501152441,-0.006409657439094303,-0.022427614405428283
0.015427813339798877,-0.9901235511025165,0.005734088406632353,-0.014161676786923927,-0.004565026304911734,0.009117761871436817,-0.006616762637578082,-0.01576981374494026,0.005023469389371832,-0.014843458296867095,0.011085558909175775,-0.0059851051251023895,-0.000679970031516497,-0.0007490233744632323,-0.008772772160647343,-0.009725006959642436,-0.01211852068311721,0.007458104984558391,0.002076759420686077,0.0026374560417359388,-0.013016784814953221,-0.002463769335728241,0.007881406826322294,-0.011291680349319719,-0.003242724834613765,0.009636737686495792,0.00013830837559725883,0.0012783764980325205,0.007865163966645742,-0.0017004655758001213,-0.001616950718689692,0.008001501986661967
0.015221613068997511,0.0008754033656246213,-1.0142123662270113,-0.004191992369080134,0.0017667059818993536,0.006766587192519363,-0.000860018294956786,-0.008824525649816036,0.013218217102943965,0.0022382157069535404,-0.01789513754649484,-0.007235522168710701,0.008137378628823922,0.007779288005417903,-0.004833574209829752,-0.004263890016298613,-0.010902169083827786,-0.006644042165950453,-2.5335208233602274e-5,-0.010405877700689199,0.001904702261883817,0.010371937126370996,0.006877298973372481,-0.006635838636802354,0.004173889970618854,-0.004741922041784069,0.023483288252097882,-0.007167662405009375,0.017241864887331523,-0.012071466863807022,0.00288606920216673,-0.01532856517315894
0.019678828515476168,0.010788053391111148,-0.004183026936288019,-0.982963667676119,9.323355864977219e-7,-0.007997221762217836,-0.013333663394203254,0.015309005985124831,0.005361033847098687,0.002143516125133217,0.013709861695003434,0.005383811296855334,-0.0016042343193128903,-0.006262265401477452,-0.00016178290502605913,0.003147699247893112,0.017274048278206482,-0.0009781419053933214,0.0030629130354271534,0.00025722766636324216,0.011448708960032417,0.01613447387332137,0.0018696382069946847,-0.01752942916398137,-0.015425850960276979,-0.009924096087768161,0.0022644543128465763,0.0017775676893575102,-0.003191946933228656,0.01116493621692945,-0.0025536413001596803,-0.02226725926241546
-0.00424601881482595,-0.00878801268014907,0.0011290666326839612,0.017232325953658194,-0.9923734712278551,0.0022160988194934225,-0.003293567958298353,0.002062684116899271,-0.009183128077788056,0.01312931712564565,0.0049901752857125685,0.01693660458934593,0.002624693584125868,0.008904904552937264,-0.008980462569973044,0.008803111281263288,0.009130419627181391,-0.004564775447371526,-0.01187273320561894,0.009170146306368851,-0.01862031921342215,0.007723334231508262,-0.0027267721871188856,0.0030884388943758475,0.012373918210461424,0.010442387048814209,-0.0019727509011663344,0.006400598879367032,0.0023406907826828355,0.0066557709715697015,-0.014183685552400151,-0.019609679681927204
-0.0037224952632949415,-0.004858888324570733,-0.002521121633874487,-0.0019027608210770693,-0.011231253667294314,-0.9813083970150662,-0.004634580716827494,0.011855438250890245,0.006559320917279125,0.005833735453920661,-7.932775258831984e-5,-0.00912168015171973,0.004073731682113233,0.00029463766645936593,-0.0034927264801187076,-0.01080908836421234,0.009818523846179662,0.003631513677041751,0.004764832996183131,0.01858310892100573,-0.005652906906787903,0.015746335165021996,-0.0006928117245795037,0.0015127587542591032,-0.011008939408242857,-0.002570002979149224,-0.009139337991279665,-0.028253805277223445,-0.01588108246060639,-0.0063047344519263524,-0.011338266347153111,-0.003729965611247669
0.0015991145203201262,0.0043546499158636995,-0.012201113608476257,-0.01469534002193156,0.0016969134847532805,0.004973810478717964,-0.9972107268049336,0.004666496430442476,0.0033578139370065724,0.011192346470381639,-0.014612706396025209,0.02260543377550699,0.010514638454612877,-0.005770955566033449,-0.01569078034057309,-0.01020322176967032,0.022086764949236972,-0.007508285080086968,0.0170426209655724,0.010554365978672516,-0.0069057507695085086,-0.0033162758741370254,-0.005548720176057707,-0.02854916975720402,-0.02228752974480589,0.0013883049814090948,-0.0037158865713330614,-0.012193940118643963,-0.0039217030175130434,-0.018922656630856353,0.008421127491777786,-0.013041722499859881
-0.007247460324552185,0.0047272465081664525,0.004384921581912784,0.008380307727724717,-0.018987454296510015,-0.017986885154251068,0.006224265095668832,-0.9851127583276441,0.002787351088463082,0.006670337673412629,0.025036866125706436,0.002036253066542969,0.004759124483131977,0.005203243075525428,0.007453651018429731,-0.0023750943906929328,0.003958987437529268,-2.259804436623634e-5,-0.01760021075012399,0.009180477699729446,0.014788024360433177,-0.0006575577202148969,-0.013298226321792573,0.008990301522816711,-0.007481999200616592,0.002724021750492961,0.00842712056127485,-0.01498253479725137,0.0029198895051314178,-0.007711514393317278,-0.02063853942005108,0.013080745513116745
-0.012853461138483758,0.0019067866174848765,-0.007651887089629871,-0.0018210880239657634,-0.004656019336726638,0.014085712384982532,-0.007321310576381641,0.004231660729631584,-1.0215837495625821,-0.015391588619021235,0.012195460181563459,0.0013853318848637798,0.001072614899920661,-0.010322312577817976,-0.007247285256621529,0.0015458968910055837,0.019211331797465057,-0.015660999536809897,0.0060980219245949695,-0.016685633057092534,0.0008915178888859757,-0.023777029941027174,-0.009793970862298603,-0.011059730959363634,-0.007392956352898268,-0.012470015115394337,0.015696453125692816,-0.02301994310713863,0.01439998215003918,0.01621824218076655,-0.015599382374740988,0.0066157303068213255
-0.0033055925220480493,0.01130239512788834,0.006455067074891253,0.01238889886319798,-0.003558516334172498,-0.0007801355115775949,-0.003485459064795373,-0.00292051995499312,0.013441554213642027,-0.9871911671590792,0.003632593994842465,0.006265268864035445,0.0013155639200527795,0.010906354306937214,-0.01707224215142608,0.01530218135815833,-0.008040649484684019,0.0035453032843612304,0.0037626911545900507,-0.002670945811395481,-0.018179565467656606,-0.004591116801826397,0.025198114544631434,0.00218670100740782,-0.029611782986668986,0.008729724029093621,-0.003240817430219645,0.0023668684331372156,0.009380567214076528,0.000575615859821128,-0.002601423323241307,0.0012012667240573712
-0.0012817038491039852,0.0026907085599386293,-0.00542453351994183,0.0002876759719169708,0.019572631255320758,0.008065208820030943,0.005439436357807866,-0.011214841899634629,0.003831170878690675,0.0009018940513706095,-0.9905946853968595,0.0042120748183498945,-0.008842979985119556,-0.0008873046211094543,0.02138447577809552,-0.007219710277461108,-0.0010439151308721366,-0.007356162083684244,0.0045718633728871584,0.004228293923402851,0.01494556272888617,0.007006591693259959,-0.004164231565525461,-0.014508191165712525,0.006818809644352365,-0.010559231167573827,0.0005349568493899653,0.004370103242422636,-0.009471273451910381,0.006947576194303702,-0.005419320377578722,-0.0056928142183209985
-0.0008386663430455993,0.014809805340651008,0.018939616516254438,-0.012099975826215546,-0.007855822704906314,0.01065738049895544,0.004735081458724081,0.013625190327815463,-0.01593725746972851,0.007256878314667156,-0.009014859013758359,-0.9998912219027986,-0.016499867164063146,-0.00103451069756475,0.006605527221097584,0.008219644573471923,-0.011611696661673006,-0.02250822121967544,0.001896570972203847,-0.008990537738425421,-0.006171598674836509,-0.017504659284833957,-0.013872905741458693,-0.0004626851072776107,0.00592775822614883,-0.003025162290119686,-0.014649294045667914,0.00961337635108545,0.004698571894515019,0.0021477881692181654,-0.011892917248264174,0.013380154303778176
-0.004795348169762101,0.004249138256311201,0.006139613562359254,0.007843838407489872,-0.012529413293821392,0.00020737236393447093,0.005493091164834692,0.005324564706450393,0.0011690637248527806,-0.005840523419115594,-0.017875824917532,-0.01663006388249845,-1.0012179448599758,0.008764354024023818,-0.013863315365956606,-0.006308809588144316,0.008000555769189543,-0.01162317153878138,0.005431176338744025,0.015244992435807646,-0.02181776572995846,0.021811889006876445,-0.014275926430955021,0.010376715281145468,0.0049885114910462975,0.00619715947445344,-0.007098855701475155,-0.0010342841750500366,-0.0003385630097330473,-0.01820202847151871,-0.006293444540865944,0.0077877662761904835
-0.007963878228811505,0.012707185313314053,0.0007956064691517398,-0.007549644871813777,-0.002097610063813416,0.009550270518705797,-0.010195547072847392,0.018138995452418146,-0.003510372605399902,-0.015238145109329825,0.002312867098606714,0.009538058441889959,-0.011748917434124912,-0.9963467564986619,-0.008076316200082227,0.00094142738984759,0.011209943773104263,0.003136382603244472,-0.0019169250703678618,-0.0016571652028004023,0.001936120462026217,0.020142808536946114,-0.01408785899793865,0.0009191425773711616,0.002087527464161375,0.004611607385182002,-0.00875076291553729,-0.002192946030202353,-0.0018119887141497906,0.004090569342046357,0.011883107822876292,0.007102417902475836
-0.004574466725606141,0.0004971925466434971,-4.0918265032125644e-5,-0.004310386486721517,0.010613578472158065,0.0002270212063318521,-0.0025059632513559794,-0.00021393638297005556,-0.011428746605025379,0.01029335433359563,0.02524488973866015,0.001552343943069913,0.010722772834985917,0.00827397801317445,-0.9943761297080083,0.0004897456659895715,-0.010735137851203365,0.008505501303846705,0.005702438470835603,-0.002748893523277635,0.002352127428933849,-0.0034677076443218424,-0.005701047617765837,-0.00674497438678658,-0.0016332003511992544,-0.000670242275955271,-0.007326502222821716,-0.007566562449283871,0.00782376221042956,-0.008437668973956404,-0.0024048144603908026,-0.006572188993083731
0.0014689498298230414,-0.018267250917320225,-0.009769910625700227,-0.002537387202726773,-0.00792533015953538,0.004137969907064631,-0.0015811400016847513,-0.01056223062350155,-0.007867039302247865,1.4059012497465579e-5,0.017051038113796883,0.0004001352231316039,-0.002503434733413493,0.009399090176622004,0.0003095388914778875,-0.9931899539848369,-0.009959755024533962,0.0064739531680342525,-0.0014878972677028564,0.010499826702683466,-0.007999160845994096,-0.014381763162448356,0.009148131302079582,0.003844010713287648,0.0007365202883065711,0.01174457914149454,-0.007042847568020797,0.010571805825261833,0.0011154218214080149,0.002638326267547339,-0.01835850538389142,-0.0018140671109077278
-0.0014211668365457408,-0.01285918797741252,0.015546266050569213,0.013258901382086153,-0.001333240261113513,-0.006431143031315421,-0.013984672177120459,0.012222427750792929,-0.004276258970706455,-0.006774935476966967,-0.003868757511320331,-0.004558680681242543,-0.000491198421868915,-0.004524865831725506,7.081841265591727e-5,0.0011023182216147232,-0.9886615961534075,4.438023734436004e-5,-0.0025681308366131985,0.004469147409719809,-0.009470870484921354,-0.01989081780708885,0.011234646448536474,0.013058997108064949,-0.01935804743638819,0.013730249894268978,0.008305714667844187,0.007658025685827892,-0.006389819640874884,-0.008448884640346998,0.004238714670347957,-0.0002760667310374747
-0.0009034378071874037,0.001512017878832698,-0.0006257093973201644,0.0015984584256566092,0.005963995804008295,0.0065235506332218,-0.002885559868324886,0.003961341961434552,0.0023450420386548726,-0.03230936298580113,-0.005916317188809497,0.016880484018661584,0.006857041189094402,0.007182094212923982,-0.006335784713395396,-0.0019231468115985134,0.007857933101708618,-1.0114310196852914,0.00849126509091601,-0.005324115476102595,0.003105419649329776,0.010023910377251049,-0.015383948012782788,-0.007340699817770358,-0.0010316265041921111,0.02179664003378715,-0.008931213238915478,0.008618337460677845,0.009680479619858285,0.017332439450863314,0.023004322230955193,0.014640963532711855
-0.008858645812858097,0.020226786702028342,-0.0089988225235381,-0.0065582664142506495,0.02333479310408355,-0.003627277802103403,-0.011726020456936367,-0.005082426033095772,0.01308124320483168,0.005753018182576293,0.010383126282227286,0.0070432352324557935,0.006306343321432253,-0.0026820451696472404,0.02436349428330226,-0.0030277654207787005,-0.010042992374330748,-0.01770986333126325,-0.9765091692151919,0.006900656035085962,-0.0016307710086718116,-0.005307655926242886,0.013889380013363541,0.003375820843253215,0.008909187792364293,-0.0020170534515365135,-0.005861236596610517,0.0026375372666727023,0.004633236451922805,0.008811592236629582,-0.0038483137459903744,0.0074566514260680575
0.015954427773560553,0.0008085394078082465,-0.009287627260241389,-0.0013541631283334127,-0.001814864361171435,0.007339832066562073,0.002744722793317541,-0.008858863857223535,0.008002923815101853,-0.013150105011348941,0.0012374925851765663,0.0028796166616571472,0.01792680858715146,-0.011072379192899749,-4.769988747414333e-5,0.016841391388641987,-0.010439792988333337,-0.018186349881522783,0.013123359109103588,-1.010490983902699,-0.008345946974889797,0.007385665900800955,-0.01100054250710079,0.0013006092452308923,-0.007628638630854658,-0.003781473376453738,0.011763344122589163,0.0020840106421889226,0.017094744194328635,-0.00985967578524328,-0.0038333306849654344,-0.0007119814990106193
0.008512070507238347,0.0017086423010235932,-0.004852367612483367,0.006635292523933032,0.0180118628145348,-0.021926346352773716,0.01329042277327508,-0.03191079281264552,-0.010897450349557705,-0.002893026449328751,0.0005488837053089291,0.0031720352370314415,0.017103828800329776,-0.006729042091513238,-0.0015389851072174854,-0.004709519901609294,-0.012746356558840884,-0.003793824312973406,0.011069080608356523,-0.005137335354146983,-0.9910367518436606,0.0055057814228103045,-0.01253970892042245,-0.004326071994346327,-0.0018723364647419683,0.004990562282181922,0.00296015396352722,-0.013735870277309381,-0.004342845940448919,0.00014915181280045377,-0.014555506439204939,-0.008554013824201295
-0.0014385864781645947,-0.008663551506921628,-0.01180257450879441,0.006992630874370334,0.0061889428636553645,0.003946093799706639,-0.011925367788638128,-0.010441105380149616,-0.013899721209667685,0.0075889232724045555,-0.006493312764722393,0.011463150137166405,-0.002305981761633952,0.0037332544747254847,-0.001860768947676518,0.018966934424918706,-0.010888367606803007,0.0010922695350412746,1.1376393598946505e-5,0.00207407369395828,0.019098460689882052,-0.987084322434748,0.0072815031820997736,-0.013781518903599776,0.007429025483054114,-0.0033124802051843136,-0.007774049217953978,-0.011988448991783099,-0.014210582218600666,0.008735619420700664,0.010882372482094133,0.007301878416818078
-0.016289322528802067,-0.009419217860270137,0.0016058154695998365,-0.0007920657022943717,0.01014132426439218,-0.03292314356642679,-0.020378013883525052,-0.004888560660540071,-0.01815750780164678,0.014400811902751163,0.010166563609816102,0.014910533944805321,0.002361148757625488,0.008745143056893199,0.0070400988853559655,-0.008533217413501586,0.007801535809127226,-0.006912295421979837,-0.001545469836347245,0.0003232353293220343,0.007821334065436473,0.003554765016920167,-1.0014335498068554,-0.006923037898132992,0.012367951752402491,0.006145197112245905,-0.006395457653455502,-0.0028688122559499102,0.005425539610713222,0.007749420655773121,0.0064681945312654214,-0.0019248210838107914
0.01747042702585978,0.01475906986569436,-0.0065751607724824634,-0.006865720232793475,-0.015718109056562513,0.002953356440157135,-0.00770518270345932,-0.0014796143466459435,-0.010343546694355393,-0.009803831457763135,0.000442592859313521,-0.0015504739369099846,-0.008362555152083487,-0.005569586390031973,-0.002511006999841226,-0.006083337878891795,-0.025572940214416154,-0.006102792477101474,-0.008340064078295465,-0.00805123142398271,0.015793310783618453,-0.000958471423219489,-0.006496895166857103,-1.0078263319190572,-0.0005541413209534252,0.015445407319793077,0.0031609764451349946,-0.00407765865038416,-0.0025750879735258626,0.01511279139555305,0.013649765332279002,-0.0020233845795734665
-0.009457754933880312,0.00045187731953539033,0.005952125375916439,-0.01234108543042746,-0.011806927869185746,0.0017057150627110581,0.0023342458285016974,0.00753277705967785,-0.003361600710303232,0.00997395114997776,-0.016813750459254283,-0.020620698650117533,-0.00034557133445459827,0.0040492027511551485,0.0005548102798208359,-0.012447537787703848,-0.0009331578147154221,0.006809289666757721,-0.0006605149969838717,0.00813598765587827,-0.0048165240485822216,0.014939134584529855,-0.0003206160937609673,-0.011621968959536272,-1.0050604960184177,0.007561605921374932,0.0030130820419232984,0.0021885885518743214,0.01480357572005237,-0.01691319121470285,-0.016396319694067334,0.018558888539146414
0.002364377221428144,-0.0027413679367302695,-0.005640327973232029,0.004789662040094745,-0.001290536674690355,0.002988680614062319,0.0016645952534542015,0.003619825947046011,-0.0015104565799659503,0.004287188767335445,0.002821380369455136,-0.02352995060346122,0.0037479975949399266,0.004114353840161726,0.006071787949342745,0.015564597407996204,0.007504828333719207,0.008590382394771919,-6.229448886967392e-5,-0.005208279415139583,-0.007498922546435329,-0.012919414847637289,-0.0031895514024646455,-0.013952333830056857,0.0004894156111078189,-1.0029777420589685,-0.015455062572392977,0.002644024517364233,-0.000692635253249677,-0.01017552017139091,-0.0037047282213257897,-0.015103327071507237
0.005858086058431145,0.004766788625990024,-0.010747713219336477,-0.007532199577611658,0.029312835242375285,0.0024187649257771953,0.006447515254633753,0.0052458855883632015,0.006605918774970085,0.006609236424514052,0.002284313011439745,-0.0029371853626042363,-0.006394888157181018,-0.020787508315276523,-0.0019257815209831712,0.0035732623737418008,-0.010741390148349225,0.002581603037901219,-0.0074292672231246505,-0.008552666390752082,-0.012404976769851314,0.009034958750946079,0.003840033330252007,0.0011958336044282207,-0.008068207149040307,-0.014016547087766484,-1.0185338074017396,0.005750402141459247,0.006350233981633458,0.017874922981266406,-0.006234562853773808,0.005449171422226355
0.018123502183157107,-0.008650442816993283,-0.005507330087618421,0.007491204848413361,-0.0086435353307141,-0.007254566732842653,0.002190639326206157,0.014078979538264725,-0.01364734821510003,-0.010229481671760752,-0.01087993989007301,0.005759912521879493,-0.002939989109812526,-0.0006588532096023464,0.007441633460872291,-0.013807577237888318,0.011081905667437076,-0.0019457845875947269,-0.010285436336191445,0.011765477048737503,-0.0068987888283282145,0.007748843646564359,0.014262760438027924,0.012921932609010532,0.0030567814410064347,-0.008590945612523698,-0.023611706501867294,-0.9914643798921747,-0.002918641018969211,0.01971926105584509,-0.009202925679916577,-0.010217459915281165
0.014652282472937586,-0.0025978370515443217,0.0009072170326964203,0.012285432429777459,-0.002286878539129965,0.0012301534873726814,0.0049065061188025404,-0.0013182194034807254,-0.0134196106973072,-0.0060367869590802915,0.0027422913055182062,-0.01020029810120392,-0.0002487612920168157,0.00016833515834741502,-0.005726513408984702,-0.014800933760536648,0.008687357103508543,-0.004376365126046471,0.0024498715927039894,0.005927917683221415,-0.006451463126544353,-0.0044708665737661305,0.005044364483485648,-0.013514068376647058,-0.00239782078850022,-0.0016978506695909468,-0.004531886989292898,-0.001758505221536106,-1.0167444463547126,-0.002278967633728611,-0.004158804423485902,0.0069306566150704645
0.00565152292445718,0.0012680038373027434,0.011796069602338312,-0.0023962930448172804,-0.017040931027025644,0.002597607342923419,-0.0010335830863093106,0.006931245647773231,-0.012951616829999704,-0.018995148070309328,-0.005100448470375078,-0.004079786330983339,-0.0033574759477974624,0.002244675517197209,-0.021289439555722593,-0.006829473896869137,0.0027039735767628408,-0.00317977900185526,0.013434209679033896,-0.0017275561309078712,0.00040453028887008655,-0.015903471956255133,-8.159477955963061e-5,-0.013117643526666046,-0.014221244620774467,0.016240971695102753,-0.01337446410413067,-0.022389239517315213,0.008328870915818886,-1.0040417800109456,-0.004305635756091814,0.014889357015541537
0.029985117742685176,-0.011835118353241776,-0.007841510427732566,-0.010523286288399358,0.011815012343763783,-0.003344949617164047,-0.00707307289983888,0.0009525815161555146,0.0020606265626139982,0.012158908278125585,0.004178101393980456,0.0022437252488272654,-0.010759019089852521,-0.0043149017060467865,-0.008824526201399339,-0.01770394706725157,-0.010163515859907261,-0.009176276748267886,-0.011326845324227968,-0.0020359388925139405,-0.01914825208758699,0.00118206042047732,0.011447991304311615,-0.007516245889762188,0.009503374365631,0.0012167084546861444,0.022682672225856577,0.0037092481832301876,0.003414939541679592,0.003687111629334989,-1.0070135987475963,0.006754098178602056
-0.01970024209813544,0.005077462046252591,0.011006218169971898,0.0036015482923391216,-0.0020696822879745762,0.00529536608871093,0.007681983978947884,0.00905112597309053,0.006872642481095359,0.004412045625425366,-0.01469233444420211,-0.0048736472712042,0.0009120341670546394,-0.010354149033795761,-0.014580005039396339,-0.0031930107320237394,0.0013549966977798311,-0.0014490478142984112,-0.003812080481123765,-0.01313341591715719,0.0033869284564745344,0.011116885560535718,-0.0025000493186817085,-0.01469194682209778,-0.011413885863206734,0.0018060399630267252,-0.001106280209123041,-0.007897783440635601,0.00444492039947277,0.016464594760583193,-0.001052540920941853,-1.0048729426815202
-0.983870728089597,0.0076751292399239324,1.0025260286392472,-0.01674434440819793,0.011608608845925761,-0.014917286165234678,0.009281339007803403,-0.014227630354213292,-0.003832514334986874,0.0036515703227696563,0.004932511503781788,0.00568476511576174,-0.014138042513362509,-0.0038921454934235196,0.0013285970496081298,-0.003623684031072022,-0.008048287735064151,-0.0019285870112579046,0.0037202816014363727,-0.014932694924992695,-0.003278404094538179,0.014713818644739371,0.9912256953563031,-0.0032707270823267073,-0.011545628433846551,0.999166022615591,0.003897979571117024,-0.00806810229030715,1.008479050383123,0.019904895856656734,0.9926073771540274,0.9806348388258296
1.0045814246348437,-0.00963341709459141,-1.0034853436673654,-0.011447735178887839,0.017901574966809303,0.004880420724414826,0.0184131145824223,0.006205798646539862,-0.010681548725246839,-0.005063789381621394,-0.0010635433881903361,-0.014232702224202485,-0.006872999398994665,-0.005063285304577985,0.006488081554431775,-0.007934535973684313,0.0023728503451331305,-0.026205135148405657,-0.005307893641568658,0.015622594090993838,-0.002276659962751098,-0.011666837547150928,-1.0094846761625011,-0.004273124596977884,0.019081398131949184,-0.9805870414032263,-0.02029902420075177,-0.018356248727656926,-0.9676753828266865,-0.004504931126203587,-1.005958366136696,-0.9962340803583715
0.007114064804607627,-0.015057475804691177,-0.023832456714725513,0.012266092474385138,-0.9923635085142987,-0.01456247003350998,0.00028289728918953175,0.0019078540133308705,-0.007257482474614433,0.0011666161040410634,-0.001273251462509936,0.008487790640572996,-1.1162269501556662e-5,0.9983850573264225,-0.017373304110956885,-0.9951601674907472,-0.0025460932620643114,-0.002733496894268958,-0.015198538020844792,-1.001156809343938,-0.0005684445561205624,-0.0117856389628187,-0.015018486438007688,-0.0027183932176332603,-0.9971694940470743,0.0030055201064659977,-0.00758667533665138,-0.01880057645706329,-0.00017674183410871155,1.0143295740668232,-0.00048316484153630875,0.006605097799340744
0.01701193639695634,0.02064174081181658,-0.018405384237167782,0.00815973103990483,0.9911217724877405,-0.005012801077332917,0.012650653743584577,-0.01657368546279688,-0.0003368038348316256,0.00259942431083396,0.007401599409600817,0.01457465363327996,-0.007972978242013406,-0.9901334191973542,0.0094416767670405,0.994931316269437,0.01309693954858817,0.002139322240174639,0.012254805104544509,0.9975372788647876,0.0036101106201011867,-0.009857962071552963,-0.004088657928583876,0.012485112628107154,1.0210037405782042,0.009589744406490831,0.011854279979667835,0.0027490653046564886,0.009125267370951387,-1.009713798130103,-0.004038279463518745,0.010090601221448494
0.003916144756159717,0.009800935761784157,-0.003348562750782968,-0.0011031343778696377,-0.005577789457878024,0.9975208724462493,0.0011185607705859856,-0.00514382416551522,-0.009408372772869376,-0.009430877794252716,1.0101411867485206,-0.00758447428274321,0.02080769502788559,-0.010903202627613892,-0.008446874610468046,0.017823273129044078,0.005042026150690533,0.0002653312086483291,-0.9946063049503422,-0.011098032290477235,0.011312462850782426,-0.005625271282612978,0.0024370026608917282,0.004263649447800633,-0.013895200753309469,-0.0006514863738367858,0.004405138154410081,0.011180396218597732,-0.0012636678227246254,0.0024532347010766432,-0.01048426677644094,0.014560471912027624
0.006812591144652861,-0.009597228092066744,-0.0038279860211157253,-0.0026357454214594694,0.008101742843700108,-1.013562628451477,0.0010491873449725972,-0.002454285979250299,-0.013013180457039999,0.005580976455141569,-1.003468563661133,-0.0021309818008816922,0.010895005828513287,0.007432875542808208,0.01229162702548163,-0.006996006272325414,0.009771764906968187,0.0011070891633303684,1.004282665741951,0.007275131528763951,0.004849534570216952,0.005085991844889929,0.0021066186473725997,0.004376941159452583,-0.011598133562088721,0.0005693982695806761,-0.006696469690704331,0.006839711012223866,-0.01202738844487249,-0.00961578532972436,-0.010907928299433078,0.008886281060270647
0.0015564265813987836,-0.0071300294599739265,0.015640970889106324,-0.0024649533657509627,0.0014584865614212538,-0.005982100300371047,0.002124081111973754,0.0017465102318971958,0.013871346074989922,0.012334224166929956,0.02047438021964991,-0.010339439474827395,-1.0057288872204795,-0.02540199228344807,-0.009322122748764245,-0.020515922103247115,-0.013105799254444868,0.994310176008749,-0.010598835895212882,0.027701536675080747,0.0016419909555325791,-0.007140795671011853,-0.0012780365622967655,0.9922807725345016,0.001975769899686188,0.003468747171464969,0.0015200400162732996,1.0209492821373263,-0.004216750786950602,-0.0036708236299250814,0.0037696671279166924,0.01625008955050861
-0.009709240344883706,-0.0030707937818068415,0.0059789648171967415,-0.0038997323063694822,0.008951384356829416,-0.009595059933344191,0.003529891340918305,-0.001120203935602975,0.009852200194952657,0.002051747026316172,0.015596359347676218,-0.009713905161281006,0.9962087986072475,0.004810512936489152,-0.0009488567181970199,-0.007219484383613826,-0.0036663514232940816,-0.9897791047915807,0.006290376528875528,0.002878876261689476,0.0023228224021037166,-0.004586515318486452,-0.003840934241352664,-1.0035668674582123,-0.006490756929989429,0.0028887044624834562,0.0001417924717189671,-0.9987172653737147,0.0025908281460109706,-0.0037804043000508386,-0.011109760860449716,0.0003429388818454644
0.009008206476769528,-0.007944200871027166,0.0028757430001102057,0.0018924772122767609,-0.003398027112927615,0.006273697616328854,0.0026684806567866827,-0.007600888345935015,-0.00678284406585474,0.0016386357223152318,-0.01958976254524608,-0.005056675396745467,0.005016597349173305,-0.008655623483535421,1.00008131911677,0.005596405340876828,0.003428264977059485,-0.008541746267634135,-1.051801358969883,0.007524674591428589,-0.008897369072185392,0.014892282961605009,-0.008814155593559076,0.0072907447228716124,0.007970890048097267,-0.0005985700202266196,-0.02226657709283851,-0.0022436103758721585,0.00785635734580346,-0.0007131258672869697,-0.008430292870696597,-0.007715547671137722
-0.0013685292190654572,0.0015314892088460106,-0.008835205928671982,0.005553365657381531,0.008102751166210264,-0.0015461219674164257,0.003443398557660305,-0.0015389382124435893,0.014957476460740289,-0.005175214632216909,0.0020507925771211335,-0.011144717279475125,0.009245151096812863,-0.006916426824657341,-0.9998019222211134,0.006193781587215423,-0.006581964265231735,0.0005192947234990891,1.0558644731039308,0.004219677914428704,0.010103540234047874,-0.007217880339707622,0.019685197413681382,0.008964430332027934,-0.0025592517230348826,-0.017029171606371168,-0.006786880650600072,0.008772358868295043,0.003475197708185586,-0.0055116411384068436,-0.0012935678171016648,-0.007733649600207405
-0.007225137315549098,-0.0038500452426665616,0.011044682317867609,0.0019313571689799993,-0.006773293635777922,-0.010667795701969103,-0.010793658836016658,0.012902018072517596,-0.00048601058506413775,-0.002037966749727777,0.014705390780319832,0.0010970162117040169,-0.430770131157738,0.016016851696351305,-0.008948324260373694,0.004893697880834012,-0.007078210674296066,0.016570421891369525,0.0006083049269777558,-6.892370924990223e-5,0.006890645032841479,0.9852639721034097,0.011656607754241858,0.0019487927528315594,0.005056712952574186,0.002594264374950211,0.007291679190314565,-0.01799904464906296,-0.007590415654940776,-0.005332832707667986,0.0018760011571518909,0.0057485077051561365
-0.0005128359158162633,-0.013570799100505002,-0.004429904885913358,0.0011530972223739412,-0.0034475913956634303,0.0008242732423867287,0.015357886646769982,-0.005907792755649223,-0.014927100590550926,-0.004609892279839745,0.00793908888635181,0.009462432467105219,0.41230355361433885,-0.0025614133822312118,-0.02167847340631369,-0.004649589210334353,0.00443748641506995,-0.00985260686983486,0.0007695268408685124,-0.003542066108038209,0.007389840383283319,-1.0043430620686857,-0.011538026950829157,0.007886083430856975,0.005111429988068874,0.006406331547151951,0.004576340350832993,-0.012341614715979925,0.0007934216509247079,0.017256744095989755,-0.013792809085955305,-0.001119311001054501
-0.016774467563078124,0.002542094282902412,-0.0023150079406484853,-0.0018326237968097697,-0.9475805077845617,-0.004743727965034399,0.015583837904648155,-0.009617518694100581,1.0032253461721958,0.00732318083989653,-0.005419549234612331,0.01603835556166051,0.012703548915613358,0.006513647188971156,0.0018416202215535515,-1.056671788954651,0.014865741450275645,0.00908177626081612,-0.001102619990401105,-1.0691452102117391,-0.014841139423117343,0.008345911244959082,0.020123538822892816,-0.015654698903829086,-0.8668829308979853,-0.018550987366713217,-0.006436757157514942,0.005950988920816922,0.010080894764684078,0.007634850237003273,0.020405080019346506,-0.016349989856395707
0.00590586330876232,-0.02013700300457686,-6.5727115501991e-5,0.0017468014143005972,0.9601597375126727,-0.004271889421623843,0.010776294875498978,-0.01566583882849302,-1.0054343082553199,-0.00788302045562229,-0.016315650536498926,-0.02142671902660066,-0.0067278435536592945,0.012277380457609254,0.007241098906673765,1.0832692437994742,0.00928251171925519,-0.012558995369733806,0.010305943678059726,1.06269485150748,-0.007577719462616137,0.011192124648052462,0.002417798708146953,-0.007038452451378815,0.8708607814786249,-0.004593643617134719,-0.0021644752319234565,0.011296702947702414,-0.023076576962382626,-0.013987888820961112,-0.015304634567333336,0.005995114282673417
0.00515004882669589,-0.00044249579602936634,-0.39888378182969136,-0.0004381118271493309,-0.017731090423239785,-0.011102326736922283,0.991341344144095,0.006268507612536105,0.013882969353619377,0.0027447922561039525,-0.0046511215347833,-0.0007919387782729095,-0.010555172261457817,0.004445396798359138,-0.0018629894795977667,0.00037468097925070126,-0.012749091895016306,0.0022085383660453016,0.004402155731452443,0.009324992954290207,0.009610825434669219,-0.0020768884170591115,-0.416028774451442,0.0030146170331298984,-0.02757228175044517,-0.42894416727122725,-0.006992493473950624,-0.0017082239089586254,-0.00030834616088808517,-0.021378312598139205,-0.3579071734816286,-0.007312721972139327
0.008735719760407249,0.00024142525353976926,0.3883251891434714,-0.003147668215575659,0.008395439262791501,0.005645493050451428,-1.0042626409840236,-0.019035635998935735,-0.0119315757478729,0.01228750787606741,0.002445734441064656,0.002407525662836163,0.005926691665810944,0.010086098591613999,0.008036587641989733,-0.01954339184832495,0.020254809740964854,-0.013457888726809487,-0.0068630737573517845,-0.006652600888724686,-0.00170462514936401,0.008022590181563136,0.43433936276445917,0.014958723592551987,0.0026816197804571834,0.4350343975698948,0.0013997433635443899,-0.013793232209115297,-0.01227396425911643,-0.007303944795469284,0.3877389904093328,0.0069152503142467505
